timestamp,ram_used_mb,ram_available_mb,browser_ram_mb,cpu_percent
2026-03-21 12:01:19.951210,5764,6030,1249,19
2026-03-21 12:01:29.951210,4984,3213,1848,87
2026-03-21 12:01:39.951210,6217,2532,2477,56
2026-03-21 12:01:49.951210,6155,3858,1673,59
2026-03-21 12:01:59.951210,5562,5123,2258,33
2026-03-21 12:02:09.951210,5103,7667,780,41
2026-03-21 12:02:19.951210,5261,6157,2268,42
2026-03-21 12:02:29.951210,4187,3902,1253,33
2026-03-21 12:02:39.951210,7813,5710,1617,67
2026-03-21 12:02:49.951210,7647,3571,1942,5
2026-03-21 12:02:59.951210,4785,5198,1257,31
2026-03-21 12:03:09.951210,5196,4646,924,40
2026-03-21 12:03:19.951210,7107,3956,1521,73
2026-03-21 12:03:29.951210,4134,7867,762,38
2026-03-21 12:03:39.951210,4419,6927,2196,33
2026-03-21 12:03:49.951210,5581,3938,2305,28
2026-03-21 12:03:59.951210,7257,7894,919,48
2026-03-21 12:04:09.951210,5410,5412,897,77
2026-03-21 12:04:19.951210,7257,5169,607,18
2026-03-21 12:04:29.951210,5334,3034,2003,52
2026-03-21 12:04:39.951210,4429,7150,1389,82
2026-03-21 12:04:49.951210,6503,3036,2068,21
2026-03-21 12:04:59.951210,7947,3032,1303,61
2026-03-21 12:05:09.951210,5648,3987,919,16
2026-03-21 12:05:19.951210,4945,3838,2487,81
2026-03-21 12:05:29.951210,4746,3638,1449,22
2026-03-21 12:05:39.951210,4723,2588,519,85
2026-03-21 12:05:49.951210,6210,5561,685,64
2026-03-21 12:05:59.951210,5596,6169,1667,60
2026-03-21 12:06:09.951210,4413,4449,922,46
2026-03-21 12:06:19.951210,5847,6442,912,88
2026-03-21 12:06:29.951210,4449,4394,2349,60
2026-03-21 12:06:39.951210,4008,3609,2195,45
2026-03-21 12:06:49.951210,6893,6034,839,72
2026-03-21 12:06:59.951210,7558,4994,1186,66
2026-03-21 12:07:09.951210,7919,4219,1653,68
2026-03-21 12:07:19.951210,4927,3511,1898,58
2026-03-21 12:07:29.951210,7103,2194,2422,63
2026-03-21 12:07:39.951210,6052,3156,1030,21
2026-03-21 12:07:49.951210,5431,7083,813,48
2026-03-21 12:07:59.951210,5365,6475,1788,55
2026-03-21 12:08:09.951210,7099,7379,2410,19
2026-03-21 12:08:19.951210,4003,7951,2460,29
2026-03-21 12:08:29.951210,6754,6000,2144,8
2026-03-21 12:08:39.951210,7675,2910,1053,34
2026-03-21 12:08:49.951210,5504,5676,2136,39
2026-03-21 12:08:59.951210,6513,4376,562,81
2026-03-21 12:09:09.951210,4756,5743,1231,28
2026-03-21 12:09:19.951210,5461,2569,1187,77
2026-03-21 12:09:29.951210,6095,5751,1248,63
2026-03-21 12:09:39.951210,7690,6272,1556,83
2026-03-21 12:09:49.951210,4066,4571,690,9
2026-03-21 12:09:59.951210,6144,6460,1272,76
2026-03-21 12:10:09.951210,6906,3969,514,72
2026-03-21 12:10:19.951210,5457,2466,1066,39
2026-03-21 12:10:29.951210,6089,6344,1926,37
2026-03-21 12:10:39.951210,5621,2190,1694,71
2026-03-21 12:10:49.951210,7383,7363,1873,28
2026-03-21 12:10:59.951210,4437,7383,810,21
2026-03-21 12:11:09.951210,4888,6694,2474,55
2026-03-21 12:11:19.951210,5884,3942,2182,80
2026-03-21 12:11:29.951210,7654,6462,2456,77
2026-03-21 12:11:39.951210,6977,6588,1404,57
2026-03-21 12:11:49.951210,4229,2731,930,87
2026-03-21 12:11:59.951210,5700,2704,1770,34
2026-03-21 12:12:09.951210,7087,6610,2406,32
2026-03-21 12:12:19.951210,7947,4524,1714,71
2026-03-21 12:12:29.951210,5775,7874,844,80
2026-03-21 12:12:39.951210,4266,3410,1919,25
2026-03-21 12:12:49.951210,4731,4487,1518,62
2026-03-21 12:12:59.951210,4458,2399,1184,65
2026-03-21 12:13:09.951210,5724,2264,2137,13
2026-03-21 12:13:19.951210,5973,4472,892,76
2026-03-21 12:13:29.951210,5946,6087,867,38
2026-03-21 12:13:39.951210,5094,3361,1395,44
2026-03-21 12:13:49.951210,4448,3241,824,78
2026-03-21 12:13:59.951210,7456,7478,2240,6
2026-03-21 12:14:09.951210,5627,6689,2076,71
2026-03-21 12:14:19.951210,6748,3580,2434,30
2026-03-21 12:14:29.951210,4383,3284,600,39
2026-03-21 12:14:39.951210,5715,2644,1665,5
2026-03-21 12:14:49.951210,6885,6007,2257,30
2026-03-21 12:14:59.951210,6507,6594,505,89
2026-03-21 12:15:09.951210,7692,6026,1850,51
2026-03-21 12:15:19.951210,7583,6449,1062,16
2026-03-21 12:15:29.951210,7186,5599,2076,49
2026-03-21 12:15:39.951210,4430,2557,793,74
2026-03-21 12:15:49.951210,5687,4410,1801,72
2026-03-21 12:15:59.951210,5107,5124,1288,17
2026-03-21 12:16:09.951210,6231,4156,1752,35
2026-03-21 12:16:19.951210,4854,4642,862,8
2026-03-21 12:16:29.951210,7249,6602,930,70
2026-03-21 12:16:39.951210,7573,7189,1874,88
2026-03-21 12:16:49.951210,7235,3379,960,87
2026-03-21 12:16:59.951210,7827,2122,1081,8
2026-03-21 12:17:09.951210,5063,5645,2440,62
2026-03-21 12:17:19.951210,5102,4155,2304,61
2026-03-21 12:17:29.951210,5515,4468,1391,33
2026-03-21 12:17:39.951210,5448,4402,1204,26
2026-03-21 12:17:49.951210,6363,5193,2314,84
2026-03-21 12:17:59.951210,7478,3957,1159,53
2026-03-21 12:18:09.951210,5789,2015,1913,77
2026-03-21 12:18:19.951210,6015,3798,1354,21
2026-03-21 12:18:29.951210,7215,6694,2259,60
2026-03-21 12:18:39.951210,6177,4979,1187,89
2026-03-21 12:18:49.951210,6137,2841,2235,87
2026-03-21 12:18:59.951210,6778,2298,1348,60
2026-03-21 12:19:09.951210,7813,5424,660,19
2026-03-21 12:19:19.951210,7476,2742,2231,16
2026-03-21 12:19:29.951210,5406,2225,916,64
2026-03-21 12:19:39.951210,7193,2785,841,24
2026-03-21 12:19:49.951210,7339,2273,1775,52
2026-03-21 12:19:59.951210,6124,3696,1118,71
2026-03-21 12:20:09.951210,4072,4771,1138,49
2026-03-21 12:20:19.951210,6971,5502,2023,36
2026-03-21 12:20:29.951210,7812,6552,1312,25
2026-03-21 12:20:39.951210,5778,5215,727,36
2026-03-21 12:20:49.951210,7428,3888,1559,9
2026-03-21 12:20:59.951210,4510,6467,1623,83
2026-03-21 12:21:09.951210,7103,4734,1203,65
2026-03-21 12:21:19.951210,7248,2127,1510,29
2026-03-21 12:21:29.951210,6664,7150,1908,78
2026-03-21 12:21:39.951210,4186,6260,2443,22
2026-03-21 12:21:49.951210,6453,3436,2155,22
2026-03-21 12:21:59.951210,6295,2200,1509,47
2026-03-21 12:22:09.951210,6463,3331,2086,20
2026-03-21 12:22:19.951210,6817,5056,1664,18
2026-03-21 12:22:29.951210,5879,2741,714,14
2026-03-21 12:22:39.951210,4729,5270,1635,6
2026-03-21 12:22:49.951210,5432,5050,1476,59
2026-03-21 12:22:59.951210,4448,4596,980,26
2026-03-21 12:23:09.951210,6838,4945,1639,52
2026-03-21 12:23:19.951210,5522,2767,2492,13
2026-03-21 12:23:29.951210,4406,3415,1525,12
2026-03-21 12:23:39.951210,6954,7633,618,21
2026-03-21 12:23:49.951210,5479,7481,806,55
2026-03-21 12:23:59.951210,5975,3570,1087,61
2026-03-21 12:24:09.951210,4753,4202,1606,53
2026-03-21 12:24:19.951210,5355,2898,1634,7
2026-03-21 12:24:29.951210,5889,2298,1589,42
2026-03-21 12:24:39.951210,6096,2950,1846,83
2026-03-21 12:24:49.951210,7068,6956,2400,35
2026-03-21 12:24:59.951210,4104,7461,2318,83
2026-03-21 12:25:09.951210,6929,2980,539,7
2026-03-21 12:25:19.951210,5997,5008,2499,44
2026-03-21 12:25:29.951210,5372,5098,1180,73
2026-03-21 12:25:39.951210,4645,3361,918,5
2026-03-21 12:25:49.951210,7837,2947,1632,90
2026-03-21 12:25:59.951210,4534,5593,723,29
2026-03-21 12:26:09.951210,4695,3892,2314,67
2026-03-21 12:26:19.951210,4248,3716,757,55
2026-03-21 12:26:29.951210,6069,2844,869,19
2026-03-21 12:26:39.951210,7230,5190,1567,13
2026-03-21 12:26:49.951210,5803,5465,1003,29
2026-03-21 12:26:59.951210,5075,7645,2268,15
2026-03-21 12:27:09.951210,6369,4947,894,11
2026-03-21 12:27:19.951210,6740,5611,1159,50
2026-03-21 12:27:29.951210,6629,5495,1944,69
2026-03-21 12:27:39.951210,7628,6743,1469,44
2026-03-21 12:27:49.951210,6041,5316,1211,84
2026-03-21 12:27:59.951210,7817,7722,1360,56
2026-03-21 12:28:09.951210,4845,3793,1371,28
2026-03-21 12:28:19.951210,6663,7400,1577,21
2026-03-21 12:28:29.951210,7113,6410,1898,72
2026-03-21 12:28:39.951210,7291,5654,2318,12
2026-03-21 12:28:49.951210,7963,3049,1886,61
2026-03-21 12:28:59.951210,4166,3507,525,10
2026-03-21 12:29:09.951210,4604,3850,670,38
2026-03-21 12:29:19.951210,6948,2232,2197,60
2026-03-21 12:29:29.951210,7612,6848,1414,72
2026-03-21 12:29:39.951210,4127,3186,1593,15
2026-03-21 12:29:49.951210,6528,6648,2326,57
2026-03-21 12:29:59.951210,7401,5067,2186,21
2026-03-21 12:30:09.951210,5473,6184,1228,49
2026-03-21 12:30:19.951210,6717,7035,2166,20
2026-03-21 12:30:29.951210,4340,7674,1175,46
2026-03-21 12:30:39.951210,6856,2920,932,61
2026-03-21 12:30:49.951210,7772,2528,1257,51
2026-03-21 12:30:59.951210,4672,7164,825,29
2026-03-21 12:31:09.951210,5551,7537,1450,69
2026-03-21 12:31:19.951210,5153,4475,1685,29
2026-03-21 12:31:29.951210,7759,2232,1356,41
2026-03-21 12:31:39.951210,6310,5159,1242,49
2026-03-21 12:31:49.951210,6382,5607,1151,56
2026-03-21 12:31:59.951210,6944,7407,572,71
2026-03-21 12:32:09.951210,7543,6704,1794,62
2026-03-21 12:32:19.951210,6678,6648,1303,69
2026-03-21 12:32:29.951210,6088,5024,1782,19
2026-03-21 12:32:39.951210,7974,6494,1663,45
2026-03-21 12:32:49.951210,6561,6964,1641,39
2026-03-21 12:32:59.951210,7032,4973,530,67
2026-03-21 12:33:09.951210,5157,7466,963,42
2026-03-21 12:33:19.951210,5581,7000,909,87
2026-03-21 12:33:29.951210,7854,7948,2466,6
2026-03-21 12:33:39.951210,5924,2418,1048,15
2026-03-21 12:33:49.951210,7088,6908,1516,60
2026-03-21 12:33:59.951210,6267,3556,991,21
2026-03-21 12:34:09.951210,6408,3204,2288,28
2026-03-21 12:34:19.951210,6340,6546,2274,79
2026-03-21 12:34:29.951210,7000,2477,881,9
2026-03-21 12:34:39.951210,5612,7545,1613,15
2026-03-21 12:34:49.951210,7788,4301,1758,26
2026-03-21 12:34:59.951210,6715,6703,1162,87
2026-03-21 12:35:09.951210,4744,7167,1205,36
2026-03-21 12:35:19.951210,5565,5851,1856,81
2026-03-21 12:35:29.951210,4966,5583,1598,69
2026-03-21 12:35:39.951210,7015,5785,505,58
2026-03-21 12:35:49.951210,6323,3822,2407,70
2026-03-21 12:35:59.951210,6565,3641,1119,61
2026-03-21 12:36:09.951210,7048,2594,565,40
2026-03-21 12:36:19.951210,6197,5020,960,31
2026-03-21 12:36:29.951210,5556,4775,701,32
2026-03-21 12:36:39.951210,7593,3292,1866,63
2026-03-21 12:36:49.951210,6021,4665,1117,6
2026-03-21 12:36:59.951210,7917,3469,1237,52
2026-03-21 12:37:09.951210,6503,2220,1374,7
2026-03-21 12:37:19.951210,6833,3577,1939,62
2026-03-21 12:37:29.951210,6796,3255,2400,17
2026-03-21 12:37:39.951210,7984,3715,2116,58
2026-03-21 12:37:49.951210,7161,3401,630,46
2026-03-21 12:37:59.951210,4881,7229,1501,64
2026-03-21 12:38:09.951210,7741,6643,1579,76
2026-03-21 12:38:19.951210,6830,4569,2212,89
2026-03-21 12:38:29.951210,4133,4110,976,8
2026-03-21 12:38:39.951210,6195,7766,1237,64
2026-03-21 12:38:49.951210,5227,2652,2129,69
2026-03-21 12:38:59.951210,4495,3419,611,13
2026-03-21 12:39:09.951210,7989,7131,1605,67
2026-03-21 12:39:19.951210,7704,4850,1960,89
2026-03-21 12:39:29.951210,4694,5589,2143,78
2026-03-21 12:39:39.951210,7483,5438,1191,40
2026-03-21 12:39:49.951210,6721,2107,575,32
2026-03-21 12:39:59.951210,5249,5988,2208,57
2026-03-21 12:40:09.951210,7301,6395,527,32
2026-03-21 12:40:19.951210,5880,7386,2003,11
2026-03-21 12:40:29.951210,4151,6707,1640,76
2026-03-21 12:40:39.951210,5600,4681,2114,67
2026-03-21 12:40:49.951210,7183,7276,1813,56
2026-03-21 12:40:59.951210,5133,3861,1456,71
2026-03-21 12:41:09.951210,7926,2221,1564,39
2026-03-21 12:41:19.951210,4576,7199,2242,74
2026-03-21 12:41:29.951210,6690,6517,2045,7
2026-03-21 12:41:39.951210,6946,6531,1860,38
2026-03-21 12:41:49.951210,7027,2446,2245,83
2026-03-21 12:41:59.951210,5244,3649,2039,45
2026-03-21 12:42:09.951210,7350,2456,742,65
2026-03-21 12:42:19.951210,4794,3472,2180,67
2026-03-21 12:42:29.951210,6317,2185,1599,26
2026-03-21 12:42:39.951210,4949,4025,881,68
2026-03-21 12:42:49.951210,6261,3399,2237,67
2026-03-21 12:42:59.951210,5228,2391,1141,7
2026-03-21 12:43:09.951210,6896,6896,2469,23
2026-03-21 12:43:19.951210,4775,6528,1862,25
2026-03-21 12:43:29.951210,6677,4076,1071,16
2026-03-21 12:43:39.951210,5633,2258,1682,11
2026-03-21 12:43:49.951210,5034,5854,765,9
2026-03-21 12:43:59.951210,7738,6804,1573,45
2026-03-21 12:44:09.951210,5336,4604,2167,16
2026-03-21 12:44:19.951210,4391,6555,1316,14
2026-03-21 12:44:29.951210,6532,3335,953,30
2026-03-21 12:44:39.951210,5755,2154,1173,51
2026-03-21 12:44:49.951210,4086,2546,1120,11
2026-03-21 12:44:59.951210,4992,2989,587,40
2026-03-21 12:45:09.951210,6012,3798,1027,64
2026-03-21 12:45:19.951210,4876,3677,1591,13
2026-03-21 12:45:29.951210,6847,7129,2352,19
2026-03-21 12:45:39.951210,4183,4875,2122,86
2026-03-21 12:45:49.951210,6471,2381,1403,5
2026-03-21 12:45:59.951210,4643,3107,2271,75
2026-03-21 12:46:09.951210,7187,2595,2454,67
2026-03-21 12:46:19.951210,4656,3857,1539,24
2026-03-21 12:46:29.951210,5235,2493,1095,83
2026-03-21 12:46:39.951210,7538,2541,1485,14
2026-03-21 12:46:49.951210,5297,5440,1934,48
2026-03-21 12:46:59.951210,7297,4385,1354,30
2026-03-21 12:47:09.951210,5114,6542,1901,58
2026-03-21 12:47:19.951210,7820,6575,2458,41
2026-03-21 12:47:29.951210,5130,6338,2310,69
2026-03-21 12:47:39.951210,6596,4566,2235,77
2026-03-21 12:47:49.951210,5856,4062,1701,47
2026-03-21 12:47:59.951210,5491,7846,1941,67
2026-03-21 12:48:09.951210,6502,2209,726,22
2026-03-21 12:48:19.951210,7323,4967,1616,34
2026-03-21 12:48:29.951210,5011,4201,669,42
2026-03-21 12:48:39.951210,4675,5286,615,88
2026-03-21 12:48:49.951210,4843,4286,1359,35
2026-03-21 12:48:59.951210,7848,3853,1208,83
2026-03-21 12:49:09.951210,7230,3861,1310,33
2026-03-21 12:49:19.951210,4726,3719,2214,10
2026-03-21 12:49:29.951210,5272,4206,2307,10
2026-03-21 12:49:39.951210,4485,7290,731,82
2026-03-21 12:49:49.951210,5663,4198,862,84
2026-03-21 12:49:59.951210,7924,4096,1083,6
2026-03-21 12:50:09.951210,6947,3685,600,53
2026-03-21 12:50:19.951210,6098,3598,1568,5
2026-03-21 12:50:29.951210,6639,5700,2316,85
2026-03-21 12:50:39.951210,6978,7411,2423,76
2026-03-21 12:50:49.951210,4368,2264,940,68
2026-03-21 12:50:59.951210,7366,2374,1002,45
2026-03-21 12:51:09.951210,5372,7080,1675,53
2026-03-21 12:51:19.951210,4243,7933,1887,90
2026-03-21 12:51:29.951210,5119,5166,2013,15
2026-03-21 12:51:39.951210,7628,4402,2386,6
2026-03-21 12:51:49.951210,5262,3116,806,69
2026-03-21 12:51:59.951210,5865,4966,1817,27
2026-03-21 12:52:09.951210,7179,5661,580,73
2026-03-21 12:52:19.951210,5113,7468,1271,84
2026-03-21 12:52:29.951210,4479,2106,1912,41
2026-03-21 12:52:39.951210,5642,6957,1740,8
2026-03-21 12:52:49.951210,7216,2899,842,80
2026-03-21 12:52:59.951210,4829,2366,608,50
2026-03-21 12:53:09.951210,7694,5234,1437,90
2026-03-21 12:53:19.951210,7831,7349,564,9
2026-03-21 12:53:29.951210,6370,7753,1308,74
2026-03-21 12:53:39.951210,4356,6726,1197,52
2026-03-21 12:53:49.951210,5533,7225,2085,25
2026-03-21 12:53:59.951210,5087,5560,971,35
2026-03-21 12:54:09.951210,4264,6017,2193,49
2026-03-21 12:54:19.951210,4742,6080,2428,16
2026-03-21 12:54:29.951210,6629,4334,1436,48
2026-03-21 12:54:39.951210,6182,5908,1319,73
2026-03-21 12:54:49.951210,5142,7800,974,82
2026-03-21 12:54:59.951210,6385,5236,710,70
2026-03-21 12:55:09.951210,7705,2072,841,70
2026-03-21 12:55:19.951210,5502,4302,2292,67
2026-03-21 12:55:29.951210,6251,2365,1643,48
2026-03-21 12:55:39.951210,6287,3496,1005,81
2026-03-21 12:55:49.951210,4303,3270,2076,11
2026-03-21 12:55:59.951210,6411,4897,1897,7
2026-03-21 12:56:09.951210,5389,4211,1561,30
2026-03-21 12:56:19.951210,6516,6990,641,73
2026-03-21 12:56:29.951210,5830,6533,2172,89
2026-03-21 12:56:39.951210,5537,5839,1740,27
2026-03-21 12:56:49.951210,7515,4352,946,69
2026-03-21 12:56:59.951210,4159,2407,1250,43
2026-03-21 12:57:09.951210,5279,3791,2131,14
2026-03-21 12:57:19.951210,7351,3657,2139,19
2026-03-21 12:57:29.951210,4799,5755,2320,38
2026-03-21 12:57:39.951210,6221,5663,1664,54
2026-03-21 12:57:49.951210,5801,7663,1981,36
2026-03-21 12:57:59.951210,6170,2624,1808,90
2026-03-21 12:58:09.951210,6178,3155,525,60
2026-03-21 12:58:19.951210,4677,4768,809,78
2026-03-21 12:58:29.951210,6945,5788,1161,39
2026-03-21 12:58:39.951210,7626,3748,562,8
2026-03-21 12:58:49.951210,5258,2482,1455,63
2026-03-21 12:58:59.951210,7936,7357,2014,83
2026-03-21 12:59:09.951210,6796,6609,794,73
2026-03-21 12:59:19.951210,4008,6572,834,32
2026-03-21 12:59:29.951210,4695,3233,2427,15
2026-03-21 12:59:39.951210,6471,4848,729,45
2026-03-21 12:59:49.951210,7102,3343,2184,6
2026-03-21 12:59:59.951210,6424,4886,662,86
2026-03-21 13:00:09.951210,5773,4545,621,15
2026-03-21 13:00:19.951210,5390,4263,2420,63
2026-03-21 13:00:29.951210,4677,6649,2014,37
2026-03-21 13:00:39.951210,4547,2233,2235,69
2026-03-21 13:00:49.951210,4791,4725,679,30
2026-03-21 13:00:59.951210,4042,5292,1582,87
2026-03-21 13:01:09.951210,4190,2836,931,11
2026-03-21 13:01:19.951210,4070,6726,771,16
2026-03-21 13:01:29.951210,4018,7609,2206,37
2026-03-21 13:01:39.951210,5036,5791,2186,67
2026-03-21 13:01:49.951210,5731,2124,2038,78
2026-03-21 13:01:59.951210,4414,6837,1681,19
2026-03-21 13:02:09.951210,7455,2757,598,56
2026-03-21 13:02:19.951210,4699,3408,2120,90
2026-03-21 13:02:29.951210,7295,3743,1427,47
2026-03-21 13:02:39.951210,6689,2239,1693,70
2026-03-21 13:02:49.951210,7774,7998,1209,46
2026-03-21 13:02:59.951210,7402,2502,939,6
2026-03-21 13:03:09.951210,5653,3103,904,50
2026-03-21 13:03:19.951210,7592,7528,1432,14
2026-03-21 13:03:29.951210,7769,2902,1803,23
2026-03-21 13:03:39.951210,6851,4506,2344,69
2026-03-21 13:03:49.951210,6451,3343,1188,20
2026-03-21 13:03:59.951210,7549,6128,1071,20
2026-03-21 13:04:09.951210,6155,3532,1301,34
2026-03-21 13:04:19.951210,4194,3564,1335,69
2026-03-21 13:04:29.951210,5354,4962,2369,74
2026-03-21 13:04:39.951210,7897,3206,628,74
2026-03-21 13:04:49.951210,4769,5633,1384,62
2026-03-21 13:04:59.951210,7610,7700,1780,79
2026-03-21 13:05:09.951210,5908,2142,2259,33
2026-03-21 13:05:19.951210,6611,6832,1025,38
2026-03-21 13:05:29.951210,4808,7454,689,60
2026-03-21 13:05:39.951210,5816,5702,2495,80
2026-03-21 13:05:49.951210,6366,7961,1609,64
2026-03-21 13:05:59.951210,7931,5225,1969,88
2026-03-21 13:06:09.951210,7379,4879,2179,56
2026-03-21 13:06:19.951210,6985,3090,2404,30
2026-03-21 13:06:29.951210,7737,6881,1467,60
2026-03-21 13:06:39.951210,5821,2979,2300,55
2026-03-21 13:06:49.951210,6830,6063,594,76
2026-03-21 13:06:59.951210,5758,3629,2054,11
2026-03-21 13:07:09.951210,5012,2699,688,25
2026-03-21 13:07:19.951210,6776,7651,2181,62
2026-03-21 13:07:29.951210,6201,7256,763,27
2026-03-21 13:07:39.951210,7677,4357,2353,81
2026-03-21 13:07:49.951210,7332,3338,849,76
2026-03-21 13:07:59.951210,7182,2377,749,15
2026-03-21 13:08:09.951210,6464,7461,1283,49
2026-03-21 13:08:19.951210,5106,6598,728,54
2026-03-21 13:08:29.951210,6444,3749,2284,87
2026-03-21 13:08:39.951210,5626,3107,681,85
2026-03-21 13:08:49.951210,5732,5995,849,26
2026-03-21 13:08:59.951210,6368,4756,1247,19
2026-03-21 13:09:09.951210,7310,6520,1193,64
2026-03-21 13:09:19.951210,7266,3108,2239,72
2026-03-21 13:09:29.951210,6016,3915,2134,32
2026-03-21 13:09:39.951210,5966,5910,1117,61
2026-03-21 13:09:49.951210,6921,7799,2115,50
2026-03-21 13:09:59.951210,6150,6062,989,74
2026-03-21 13:10:09.951210,5924,4305,2018,68
2026-03-21 13:10:19.951210,5273,6698,1787,72
2026-03-21 13:10:29.951210,6938,3714,2039,48
2026-03-21 13:10:39.951210,6287,2102,1728,90
2026-03-21 13:10:49.951210,5935,2070,2490,28
2026-03-21 13:10:59.951210,5128,3512,562,15
2026-03-21 13:11:09.951210,5458,3521,1142,16
2026-03-21 13:11:19.951210,5012,4546,1646,80
2026-03-21 13:11:29.951210,4486,7048,2198,32
2026-03-21 13:11:39.951210,7532,7652,1410,8
2026-03-21 13:11:49.951210,6862,2906,1009,61
2026-03-21 13:11:59.951210,5974,2663,2341,58
2026-03-21 13:12:09.951210,7639,6186,1687,46
2026-03-21 13:12:19.951210,6122,2913,624,38
2026-03-21 13:12:29.951210,5304,5252,740,71
2026-03-21 13:12:39.951210,6799,6100,897,20
2026-03-21 13:12:49.951210,5396,6624,1438,30
2026-03-21 13:12:59.951210,5921,3750,1723,90
2026-03-21 13:13:09.951210,7804,2001,1973,72
2026-03-21 13:13:19.951210,4932,5010,1085,20
2026-03-21 13:13:29.951210,4686,3317,2115,57
2026-03-21 13:13:39.951210,5084,7458,2060,65
2026-03-21 13:13:49.951210,7121,6408,1610,9
2026-03-21 13:13:59.951210,7529,7236,2207,24
2026-03-21 13:14:09.951210,7473,4068,717,83
2026-03-21 13:14:19.951210,7881,3134,1773,43
2026-03-21 13:14:29.951210,6340,6833,1498,83
2026-03-21 13:14:39.951210,6772,2128,1556,52
2026-03-21 13:14:49.951210,5904,5515,2491,86
2026-03-21 13:14:59.951210,6029,3251,2084,86
2026-03-21 13:15:09.951210,6866,7248,1628,6
2026-03-21 13:15:19.951210,6846,2517,2128,81
2026-03-21 13:15:29.951210,5358,2882,1660,25
2026-03-21 13:15:39.951210,7237,4957,1279,89
2026-03-21 13:15:49.951210,5423,2121,1091,39
2026-03-21 13:15:59.951210,4633,5180,671,54
2026-03-21 13:16:09.951210,7397,3182,1346,34
2026-03-21 13:16:19.951210,7823,3351,2226,27
2026-03-21 13:16:29.951210,4697,5895,1842,19
2026-03-21 13:16:39.951210,6577,7213,802,49
2026-03-21 13:16:49.951210,6296,4758,1695,76
2026-03-21 13:16:59.951210,6897,3735,530,87
2026-03-21 13:17:09.951210,6144,3806,2279,23
2026-03-21 13:17:19.951210,6319,7964,1692,75
2026-03-21 13:17:29.951210,4748,7227,1447,52
2026-03-21 13:17:39.951210,7018,5544,1770,36
2026-03-21 13:17:49.951210,7790,6756,1184,52
2026-03-21 13:17:59.951210,4062,2477,2255,71
2026-03-21 13:18:09.951210,5288,4285,1327,82
2026-03-21 13:18:19.951210,5205,4413,1541,60
2026-03-21 13:18:29.951210,6673,3073,1941,24
2026-03-21 13:18:39.951210,4824,5917,1370,30
2026-03-21 13:18:49.951210,6048,7245,912,52
2026-03-21 13:18:59.951210,4081,4374,2067,23
2026-03-21 13:19:09.951210,6052,7636,2172,57
2026-03-21 13:19:19.951210,7937,4710,954,60
2026-03-21 13:19:29.951210,7800,2448,1439,33
2026-03-21 13:19:39.951210,4417,5665,1990,13
2026-03-21 13:19:49.951210,6386,2202,1333,46
2026-03-21 13:19:59.951210,5915,5603,1855,40
2026-03-21 13:20:09.951210,6811,6965,2102,36
2026-03-21 13:20:19.951210,7048,7996,611,51
2026-03-21 13:20:29.951210,5278,7153,1618,50
2026-03-21 13:20:39.951210,7304,4328,1990,52
2026-03-21 13:20:49.951210,4082,5990,1924,50
2026-03-21 13:20:59.951210,6924,5016,1127,63
2026-03-21 13:21:09.951210,4148,2440,1447,78
2026-03-21 13:21:19.951210,5674,4201,2222,68
2026-03-21 13:21:29.951210,6266,5343,1220,8
2026-03-21 13:21:39.951210,4164,2186,601,71
2026-03-21 13:21:49.951210,7418,2622,2108,65
2026-03-21 13:21:59.951210,4243,7720,524,34
2026-03-21 13:22:09.951210,4471,5610,1787,31
2026-03-21 13:22:19.951210,7361,7784,2012,79
2026-03-21 13:22:29.951210,4283,3378,796,8
2026-03-21 13:22:39.951210,4361,4086,1543,18
2026-03-21 13:22:49.951210,7387,3873,1271,53
2026-03-21 13:22:59.951210,6621,7445,1201,52
2026-03-21 13:23:09.951210,4097,6664,1009,36
2026-03-21 13:23:19.951210,7973,7085,1908,59
2026-03-21 13:23:29.951210,6291,6746,2256,77
2026-03-21 13:23:39.951210,4148,5521,1826,66
2026-03-21 13:23:49.951210,4008,4067,2414,35
2026-03-21 13:23:59.951210,6206,7587,2157,28
2026-03-21 13:24:09.951210,5109,3988,1338,56
2026-03-21 13:24:19.951210,5590,2560,859,53
2026-03-21 13:24:29.951210,4867,4761,2065,10
2026-03-21 13:24:39.951210,7878,7573,2394,60
2026-03-21 13:24:49.951210,5207,5505,1015,34
2026-03-21 13:24:59.951210,6908,7458,642,6
2026-03-21 13:25:09.951210,6108,7784,2235,26
2026-03-21 13:25:19.951210,6836,3485,2104,7
2026-03-21 13:25:29.951210,5129,5443,607,45
2026-03-21 13:25:39.951210,4658,4865,1953,31
2026-03-21 13:25:49.951210,6980,2555,1701,56
2026-03-21 13:25:59.951210,6631,2215,2045,75
2026-03-21 13:26:09.951210,4270,3177,1743,57
2026-03-21 13:26:19.951210,6909,6730,1019,59
2026-03-21 13:26:29.951210,7571,6842,724,47
2026-03-21 13:26:39.951210,6366,3935,1902,67
2026-03-21 13:26:49.951210,4389,7282,1473,9
2026-03-21 13:26:59.951210,4178,3701,2340,13
2026-03-21 13:27:09.951210,5180,3695,540,48
2026-03-21 13:27:19.951210,5828,3136,822,78
2026-03-21 13:27:29.951210,7789,7407,1050,72
2026-03-21 13:27:39.951210,7701,7981,981,8
2026-03-21 13:27:49.951210,6969,6744,1713,13
2026-03-21 13:27:59.951210,7905,3461,558,11
2026-03-21 13:28:09.951210,7708,7208,1648,36
2026-03-21 13:28:19.951210,7039,3451,2061,49
2026-03-21 13:28:29.951210,5904,3726,1586,60
2026-03-21 13:28:39.951210,6132,3420,1800,50
2026-03-21 13:28:49.951210,4818,6791,1601,69
2026-03-21 13:28:59.951210,7287,4875,2200,28
2026-03-21 13:29:09.951210,5802,3288,1028,64
2026-03-21 13:29:19.951210,4824,3366,811,28
2026-03-21 13:29:29.951210,5212,3750,1834,39
2026-03-21 13:29:39.951210,5095,3444,1541,58
2026-03-21 13:29:49.951210,7345,3957,833,44
2026-03-21 13:29:59.951210,6269,2979,777,15
2026-03-21 13:30:09.951210,6785,7133,1796,39
2026-03-21 13:30:19.951210,4248,6489,1144,80
2026-03-21 13:30:29.951210,4398,7121,754,12
2026-03-21 13:30:39.951210,7658,4856,2010,25
2026-03-21 13:30:49.951210,4486,5773,870,46
2026-03-21 13:30:59.951210,5512,3054,1034,77
2026-03-21 13:31:09.951210,4167,7532,1166,31
2026-03-21 13:31:19.951210,7982,3597,1809,46
2026-03-21 13:31:29.951210,7171,4538,1606,38
2026-03-21 13:31:39.951210,4144,6200,623,19
2026-03-21 13:31:49.951210,5022,5092,529,43
2026-03-21 13:31:59.951210,4889,5308,1044,68
2026-03-21 13:32:09.951210,4058,7556,2184,30
2026-03-21 13:32:19.951210,4381,5724,1440,35
2026-03-21 13:32:29.951210,7974,6675,1992,24
2026-03-21 13:32:39.951210,4473,4183,888,15
2026-03-21 13:32:49.951210,6081,7979,1809,80
2026-03-21 13:32:59.951210,6438,7876,1836,13
2026-03-21 13:33:09.951210,6547,2795,2019,57
2026-03-21 13:33:19.951210,6827,7467,1476,69
2026-03-21 13:33:29.951210,7801,5024,584,22
2026-03-21 13:33:39.951210,5801,4274,2494,45
2026-03-21 13:33:49.951210,5972,4244,1830,72
2026-03-21 13:33:59.951210,6875,6032,892,68
2026-03-21 13:34:09.951210,7275,5611,638,39
2026-03-21 13:34:19.951210,6837,4854,2500,49
2026-03-21 13:34:29.951210,5571,6782,2129,41
2026-03-21 13:34:39.951210,6434,6753,644,72
2026-03-21 13:34:49.951210,7026,7611,746,5
2026-03-21 13:34:59.951210,7749,5073,938,22
2026-03-21 13:35:09.951210,4248,5676,874,89
2026-03-21 13:35:19.951210,4817,7279,542,6
2026-03-21 13:35:29.951210,5920,5355,1012,11
2026-03-21 13:35:39.951210,4446,5658,979,57
2026-03-21 13:35:49.951210,7504,4680,1164,72
2026-03-21 13:35:59.951210,7092,4558,2277,53
2026-03-21 13:36:09.951210,4221,2372,1079,82
2026-03-21 13:36:19.951210,7901,6253,1530,59
2026-03-21 13:36:29.951210,4657,6575,1466,90
2026-03-21 13:36:39.951210,5966,3669,1592,10
2026-03-21 13:36:49.951210,5955,4312,2053,33
2026-03-21 13:36:59.951210,4875,7534,716,79
2026-03-21 13:37:09.951210,5334,5473,1201,28
2026-03-21 13:37:19.951210,5891,5202,1589,23
2026-03-21 13:37:29.951210,5918,7522,1077,20
2026-03-21 13:37:39.951210,4461,5745,1421,17
2026-03-21 13:37:49.951210,5885,4616,1365,58
2026-03-21 13:37:59.951210,5051,2214,1233,51
2026-03-21 13:38:09.951210,4720,7485,1702,68
2026-03-21 13:38:19.951210,4001,6337,836,28
2026-03-21 13:38:29.951210,4494,7782,603,90
2026-03-21 13:38:39.951210,5977,3791,727,66
2026-03-21 13:38:49.951210,4730,3398,1457,20
2026-03-21 13:38:59.951210,4749,7035,1047,79
2026-03-21 13:39:09.951210,5178,3494,848,22
2026-03-21 13:39:19.951210,6112,6625,1998,59
2026-03-21 13:39:29.951210,5396,6482,2355,79
2026-03-21 13:39:39.951210,6975,4846,763,28
2026-03-21 13:39:49.951210,6024,7577,937,32
2026-03-21 13:39:59.951210,6460,5171,937,77
2026-03-21 13:40:09.951210,7934,5731,1869,10
2026-03-21 13:40:19.951210,5254,6317,2387,39
2026-03-21 13:40:29.951210,5962,3732,549,59
2026-03-21 13:40:39.951210,7626,7842,2290,73
2026-03-21 13:40:49.951210,5206,5187,2215,46
2026-03-21 13:40:59.951210,6022,4507,1620,76
2026-03-21 13:41:09.951210,6068,2179,1064,77
2026-03-21 13:41:19.951210,7657,7688,2179,42
2026-03-21 13:41:29.951210,4723,5585,742,25
2026-03-21 13:41:39.951210,6365,6113,530,56
2026-03-21 13:41:49.951210,4332,2061,805,24
2026-03-21 13:41:59.951210,7097,6628,1477,52
2026-03-21 13:42:09.951210,6787,4873,1019,62
2026-03-21 13:42:19.951210,7066,2137,1768,23
2026-03-21 13:42:29.951210,6115,4634,1045,39
2026-03-21 13:42:39.951210,4941,6160,690,84
2026-03-21 13:42:49.951210,6364,2329,2064,21
2026-03-21 13:42:59.951210,7433,6012,1745,39
2026-03-21 13:43:09.951210,7478,4341,2084,5
2026-03-21 13:43:19.951210,6393,4935,884,52
2026-03-21 13:43:29.951210,6878,3816,2054,18
2026-03-21 13:43:39.951210,4483,7245,2457,17
2026-03-21 13:43:49.951210,7739,5899,2258,70
2026-03-21 13:43:59.951210,4905,5654,758,84
2026-03-21 13:44:09.951210,6735,5426,1868,15
2026-03-21 13:44:19.951210,6451,3250,1418,13
2026-03-21 13:44:29.951210,7557,5508,2287,58
2026-03-21 13:44:39.951210,4732,2351,2086,17
2026-03-21 13:44:49.951210,7652,5493,2323,74
2026-03-21 13:44:59.951210,5309,2545,1454,65
2026-03-21 13:45:09.951210,7786,3587,2105,71
2026-03-21 13:45:19.951210,4280,5435,1780,51
2026-03-21 13:45:29.951210,6677,2844,1750,40
2026-03-21 13:45:39.951210,7435,4648,2276,56
2026-03-21 13:45:49.951210,5979,2487,1617,41
2026-03-21 13:45:59.951210,5858,6856,2334,48
2026-03-21 13:46:09.951210,4210,6253,1148,23
2026-03-21 13:46:19.951210,7040,6474,2039,51
2026-03-21 13:46:29.951210,5712,7895,812,77
2026-03-21 13:46:39.951210,7924,5667,1255,34
2026-03-21 13:46:49.951210,7315,4601,1190,36
2026-03-21 13:46:59.951210,4131,4224,1486,56
2026-03-21 13:47:09.951210,5420,6821,955,17
2026-03-21 13:47:19.951210,6658,5512,1119,17
2026-03-21 13:47:29.951210,5581,4003,2187,33
2026-03-21 13:47:39.951210,7799,5415,1052,70
2026-03-21 13:47:49.951210,7782,4500,2017,89
2026-03-21 13:47:59.951210,5361,3524,2296,76
2026-03-21 13:48:09.951210,4839,4427,1148,47
2026-03-21 13:48:19.951210,7807,3755,2179,36
2026-03-21 13:48:29.951210,4987,4744,663,58
2026-03-21 13:48:39.951210,7929,2624,1551,64
2026-03-21 13:48:49.951210,4160,4455,2017,25
2026-03-21 13:48:59.951210,4050,7752,1264,35
2026-03-21 13:49:09.951210,7116,4570,1882,55
2026-03-21 13:49:19.951210,7697,7753,712,43
2026-03-21 13:49:29.951210,4514,6832,2002,87
2026-03-21 13:49:39.951210,4877,3144,1946,34
2026-03-21 13:49:49.951210,5843,4176,1959,17
2026-03-21 13:49:59.951210,5596,2725,2083,54
2026-03-21 13:50:09.951210,5130,4815,527,9
2026-03-21 13:50:19.951210,7631,5810,527,58
2026-03-21 13:50:29.951210,7256,2489,1071,41
2026-03-21 13:50:39.951210,5881,6303,971,44
2026-03-21 13:50:49.951210,5091,5976,1161,88
2026-03-21 13:50:59.951210,7861,4931,2039,25
2026-03-21 13:51:09.951210,6754,6669,844,76
2026-03-21 13:51:19.951210,6172,6335,1462,78
2026-03-21 13:51:29.951210,6924,2348,1059,7
2026-03-21 13:51:39.951210,5241,4570,2110,53
2026-03-21 13:51:49.951210,7965,6085,1301,44
2026-03-21 13:51:59.951210,6009,3143,1972,82
2026-03-21 13:52:09.951210,4256,5439,585,12
2026-03-21 13:52:19.951210,6083,6000,1638,16
2026-03-21 13:52:29.951210,4399,5023,1261,77
2026-03-21 13:52:39.951210,7535,6272,2412,36
2026-03-21 13:52:49.951210,6513,6609,1666,35
2026-03-21 13:52:59.951210,4719,6900,1354,85
2026-03-21 13:53:09.951210,7320,7849,1353,63
2026-03-21 13:53:19.951210,7445,7457,2347,65
2026-03-21 13:53:29.951210,7961,6685,1887,79
2026-03-21 13:53:39.951210,5600,3289,1828,63
2026-03-21 13:53:49.951210,4972,6002,761,27
2026-03-21 13:53:59.951210,4645,7386,2284,35
2026-03-21 13:54:09.951210,4842,3424,1807,89
2026-03-21 13:54:19.951210,4264,4517,2268,8
2026-03-21 13:54:29.951210,4162,3807,2153,44
2026-03-21 13:54:39.951210,6012,5820,950,43
2026-03-21 13:54:49.951210,6424,6286,1951,8
2026-03-21 13:54:59.951210,6085,2983,2122,50
2026-03-21 13:55:09.951210,6572,6162,1229,64
2026-03-21 13:55:19.951210,5587,2262,2339,24
2026-03-21 13:55:29.951210,5555,5903,2323,73
2026-03-21 13:55:39.951210,5729,5047,2143,58
2026-03-21 13:55:49.951210,5538,5021,565,37
2026-03-21 13:55:59.951210,7879,4538,1479,80
2026-03-21 13:56:09.951210,7624,3585,2443,59
2026-03-21 13:56:19.951210,6058,4622,542,22
2026-03-21 13:56:29.951210,6214,6259,1789,13
2026-03-21 13:56:39.951210,4976,4025,861,36
2026-03-21 13:56:49.951210,4460,5990,2329,63
2026-03-21 13:56:59.951210,7324,6239,531,40
2026-03-21 13:57:09.951210,6204,5197,903,44
2026-03-21 13:57:19.951210,5821,2771,1754,88
2026-03-21 13:57:29.951210,7999,5093,1650,84
2026-03-21 13:57:39.951210,4518,5482,1412,31
2026-03-21 13:57:49.951210,6336,5804,937,24
2026-03-21 13:57:59.951210,7782,3894,1937,69
2026-03-21 13:58:09.951210,6930,2255,1064,35
2026-03-21 13:58:19.951210,7961,3522,2243,30
2026-03-21 13:58:29.951210,4904,3378,2300,27
2026-03-21 13:58:39.951210,7294,4189,867,78
2026-03-21 13:58:49.951210,6562,3603,540,38
2026-03-21 13:58:59.951210,6957,3660,2026,16
2026-03-21 13:59:09.951210,6276,6754,658,8
2026-03-21 13:59:19.951210,5993,2360,2457,39
2026-03-21 13:59:29.951210,4878,7293,2411,87
2026-03-21 13:59:39.951210,7562,2849,2127,66
2026-03-21 13:59:49.951210,4868,4425,2256,88
2026-03-21 13:59:59.951210,4281,2119,2300,43
2026-03-21 14:00:09.951210,7848,6354,1910,42
2026-03-21 14:00:19.951210,4853,3784,1613,43
2026-03-21 14:00:29.951210,4372,6626,2175,59
2026-03-21 14:00:39.951210,5015,4717,1736,19
2026-03-21 14:00:49.951210,6209,3273,2004,76
2026-03-21 14:00:59.951210,4573,7907,643,63
2026-03-21 14:01:09.951210,6806,6206,1752,26
2026-03-21 14:01:19.951210,5515,2219,2366,37
2026-03-21 14:01:29.951210,4129,6952,1029,78
2026-03-21 14:01:39.951210,6728,3373,1414,24
2026-03-21 14:01:49.951210,4644,6436,868,76
2026-03-21 14:01:59.951210,7486,5798,840,55
2026-03-21 14:02:09.951210,7416,4595,959,84
2026-03-21 14:02:19.951210,4995,2656,519,49
2026-03-21 14:02:29.951210,6040,2796,2318,75
2026-03-21 14:02:39.951210,4019,3076,1632,38
2026-03-21 14:02:49.951210,7349,7291,1529,17
2026-03-21 14:02:59.951210,5922,3527,546,75
2026-03-21 14:03:09.951210,5528,2207,1384,40
2026-03-21 14:03:19.951210,4668,7139,1960,51
2026-03-21 14:03:29.951210,4720,5766,1128,56
2026-03-21 14:03:39.951210,7035,5278,1442,29
2026-03-21 14:03:49.951210,6684,2570,1895,44
2026-03-21 14:03:59.951210,7789,6959,1513,56
2026-03-21 14:04:09.951210,7756,5173,1914,34
2026-03-21 14:04:19.951210,4127,7454,574,56
2026-03-21 14:04:29.951210,6780,7527,1001,46
2026-03-21 14:04:39.951210,5672,2510,1285,20
2026-03-21 14:04:49.951210,6766,2321,2191,28
2026-03-21 14:04:59.951210,6361,6165,1806,82
2026-03-21 14:05:09.951210,7556,7587,850,37
2026-03-21 14:05:19.951210,4313,7285,1661,48
2026-03-21 14:05:29.951210,6655,7481,2090,29
2026-03-21 14:05:39.951210,4004,7964,774,85
2026-03-21 14:05:49.951210,6531,7582,1594,8
2026-03-21 14:05:59.951210,6663,5482,626,85
2026-03-21 14:06:09.951210,5876,5933,2347,30
2026-03-21 14:06:19.951210,7425,6951,562,60
2026-03-21 14:06:29.951210,7991,5025,1612,55
2026-03-21 14:06:39.951210,6640,7799,1967,32
2026-03-21 14:06:49.951210,7127,6543,2120,21
2026-03-21 14:06:59.951210,5231,3720,575,84
2026-03-21 14:07:09.951210,7130,2020,1239,25
2026-03-21 14:07:19.951210,7184,5366,2213,17
2026-03-21 14:07:29.951210,7144,5451,1220,44
2026-03-21 14:07:39.951210,6544,5289,2127,21
2026-03-21 14:07:49.951210,6430,3538,2172,48
2026-03-21 14:07:59.951210,7067,3138,2471,74
2026-03-21 14:08:09.951210,7225,4068,2259,85
2026-03-21 14:08:19.951210,6933,6629,937,50
2026-03-21 14:08:29.951210,6153,2947,2015,42
2026-03-21 14:08:39.951210,7990,5969,1053,29
2026-03-21 14:08:49.951210,6301,2321,959,25
2026-03-21 14:08:59.951210,7792,2659,2032,44
2026-03-21 14:09:09.951210,7924,6641,2020,37
2026-03-21 14:09:19.951210,6946,3994,1852,32
2026-03-21 14:09:29.951210,6059,6985,2438,19
2026-03-21 14:09:39.951210,5652,3072,898,34
2026-03-21 14:09:49.951210,7569,5554,2145,30
2026-03-21 14:09:59.951210,7860,5324,2183,68
2026-03-21 14:10:09.951210,4489,6585,1232,74
2026-03-21 14:10:19.951210,4951,3129,1886,89
2026-03-21 14:10:29.951210,5070,7097,1263,75
2026-03-21 14:10:39.951210,4767,7344,1855,56
2026-03-21 14:10:49.951210,7277,7178,1728,77
2026-03-21 14:10:59.951210,6677,2575,1294,56
2026-03-21 14:11:09.951210,6539,5374,2485,82
2026-03-21 14:11:19.951210,7398,6930,1308,89
2026-03-21 14:11:29.951210,6783,2461,829,31
2026-03-21 14:11:39.951210,7590,4257,986,40
2026-03-21 14:11:49.951210,7775,2829,1538,41
2026-03-21 14:11:59.951210,4148,7751,1703,57
2026-03-21 14:12:09.951210,5653,2988,1006,63
2026-03-21 14:12:19.951210,5583,5186,521,54
2026-03-21 14:12:29.951210,7657,3659,677,52
2026-03-21 14:12:39.951210,5405,4907,807,70
2026-03-21 14:12:49.951210,4410,5583,2013,5
2026-03-21 14:12:59.951210,4622,7169,963,72
2026-03-21 14:13:09.951210,4006,5711,1108,50
2026-03-21 14:13:19.951210,6751,5188,1388,67
2026-03-21 14:13:29.951210,4290,2358,1241,73
2026-03-21 14:13:39.951210,5417,4726,963,31
2026-03-21 14:13:49.951210,5615,7948,1197,44
2026-03-21 14:13:59.951210,7149,4572,732,53
2026-03-21 14:14:09.951210,5124,6323,1723,29
2026-03-21 14:14:19.951210,5512,7504,701,67
2026-03-21 14:14:29.951210,4919,6068,2398,41
2026-03-21 14:14:39.951210,6394,3268,1926,28
2026-03-21 14:14:49.951210,5134,7679,2175,39
2026-03-21 14:14:59.951210,5459,3250,1551,46
2026-03-21 14:15:09.951210,5274,4275,2451,60
2026-03-21 14:15:19.951210,4271,5460,676,7
2026-03-21 14:15:29.951210,6495,5340,756,23
2026-03-21 14:15:39.951210,5587,4326,1510,19
2026-03-21 14:15:49.951210,6212,3063,1650,46
2026-03-21 14:15:59.951210,6175,2581,2480,6
2026-03-21 14:16:09.951210,7412,5979,2149,38
2026-03-21 14:16:19.951210,6578,6100,1977,65
2026-03-21 14:16:29.951210,7001,5545,1092,32
2026-03-21 14:16:39.951210,4912,5999,1466,5
2026-03-21 14:16:49.951210,4227,3825,2359,24
2026-03-21 14:16:59.951210,6785,2911,614,27
2026-03-21 14:17:09.951210,5526,3745,1889,31
2026-03-21 14:17:19.951210,7428,2848,1552,61
2026-03-21 14:17:29.951210,4805,5993,1884,75
2026-03-21 14:17:39.951210,5825,5863,1127,8
2026-03-21 14:17:49.951210,7317,4768,683,12
2026-03-21 14:17:59.951210,7492,3905,2212,24
2026-03-21 14:18:09.951210,6434,5045,599,68
2026-03-21 14:18:19.951210,6635,7242,820,37
2026-03-21 14:18:29.951210,5226,2473,707,80
2026-03-21 14:18:39.951210,4757,7271,833,18
2026-03-21 14:18:49.951210,4088,6200,2013,63
2026-03-21 14:18:59.951210,5148,5602,1075,75
2026-03-21 14:19:09.951210,4337,2665,1473,43
2026-03-21 14:19:19.951210,6357,2128,752,54
2026-03-21 14:19:29.951210,5040,5619,1261,72
2026-03-21 14:19:39.951210,6564,7623,1023,79
2026-03-21 14:19:49.951210,4066,7553,934,45
2026-03-21 14:19:59.951210,5662,5637,2390,88
2026-03-21 14:20:09.951210,4161,5711,2486,50
2026-03-21 14:20:19.951210,5317,6623,971,47
2026-03-21 14:20:29.951210,7230,2120,1508,12
2026-03-21 14:20:39.951210,7408,2433,2312,52
2026-03-21 14:20:49.951210,5227,3248,2007,34
2026-03-21 14:20:59.951210,7360,7813,2371,40
2026-03-21 14:21:09.951210,5286,2257,2277,69
2026-03-21 14:21:19.951210,7084,3554,938,38
2026-03-21 14:21:29.951210,7894,6520,1579,27
2026-03-21 14:21:39.951210,6726,5460,1027,69
2026-03-21 14:21:49.951210,6187,6935,942,76
2026-03-21 14:21:59.951210,7548,7332,1808,71
2026-03-21 14:22:09.951210,4128,3950,849,47
2026-03-21 14:22:19.951210,6392,2825,1727,25
2026-03-21 14:22:29.951210,7991,7815,1822,16
2026-03-21 14:22:39.951210,4044,6389,2042,6
2026-03-21 14:22:49.951210,4897,5931,876,39
2026-03-21 14:22:59.951210,5339,2927,946,5
2026-03-21 14:23:09.951210,4062,7074,2092,62
2026-03-21 14:23:19.951210,6537,4007,861,66
2026-03-21 14:23:29.951210,4024,2697,2433,32
2026-03-21 14:23:39.951210,7306,4952,698,6
2026-03-21 14:23:49.951210,5562,4884,1489,68
2026-03-21 14:23:59.951210,6046,3373,2320,7
2026-03-21 14:24:09.951210,5532,2956,1392,66
2026-03-21 14:24:19.951210,5627,2369,2258,38
2026-03-21 14:24:29.951210,6462,6142,2058,82
2026-03-21 14:24:39.951210,4186,6392,1800,27
2026-03-21 14:24:49.951210,5995,2816,879,61
2026-03-21 14:24:59.951210,7976,5475,981,61
2026-03-21 14:25:09.951210,4297,6859,1491,24
2026-03-21 14:25:19.951210,6050,7301,970,69
2026-03-21 14:25:29.951210,5454,7881,2112,23
2026-03-21 14:25:39.951210,4729,3999,1043,22
2026-03-21 14:25:49.951210,4890,5456,2026,12
2026-03-21 14:25:59.951210,6765,4512,568,64
2026-03-21 14:26:09.951210,5299,6389,1078,24
2026-03-21 14:26:19.951210,7060,5384,1962,35
2026-03-21 14:26:29.951210,7611,3387,1535,83
2026-03-21 14:26:39.951210,6588,6397,1741,27
2026-03-21 14:26:49.951210,5949,6736,1306,63
2026-03-21 14:26:59.951210,6191,3353,578,23
2026-03-21 14:27:09.951210,4174,4315,688,36
2026-03-21 14:27:19.951210,4484,5550,611,10
2026-03-21 14:27:29.951210,6850,7111,1770,45
2026-03-21 14:27:39.951210,4777,5782,880,86
2026-03-21 14:27:49.951210,5095,2464,672,78
2026-03-21 14:27:59.951210,7599,2712,2446,77
2026-03-21 14:28:09.951210,6690,4022,1248,16
2026-03-21 14:28:19.951210,4459,7243,768,61
2026-03-21 14:28:29.951210,7720,3561,1127,78
2026-03-21 14:28:39.951210,7811,3305,1678,68
2026-03-21 14:28:49.951210,5948,6398,1848,66
2026-03-21 14:28:59.951210,4463,6045,1576,17
2026-03-21 14:29:09.951210,6520,6150,1295,86
2026-03-21 14:29:19.951210,4372,6193,2186,90
2026-03-21 14:29:29.951210,6497,5675,1134,63
2026-03-21 14:29:39.951210,7442,4228,575,51
2026-03-21 14:29:49.951210,4646,5639,2077,88
2026-03-21 14:29:59.951210,5252,6424,1395,72
2026-03-21 14:30:09.951210,4203,5445,1572,36
2026-03-21 14:30:19.951210,5797,7469,1686,45
2026-03-21 14:30:29.951210,5658,3772,2025,31
2026-03-21 14:30:39.951210,4998,6624,739,77
2026-03-21 14:30:49.951210,6199,3280,2164,60
2026-03-21 14:30:59.951210,5939,3327,553,24
2026-03-21 14:31:09.951210,4252,6046,2468,30
2026-03-21 14:31:19.951210,7175,5683,887,45
2026-03-21 14:31:29.951210,4151,7361,1795,82
2026-03-21 14:31:39.951210,6339,4513,2069,27
2026-03-21 14:31:49.951210,5853,5916,822,19
2026-03-21 14:31:59.951210,5612,5381,2194,37
2026-03-21 14:32:09.951210,4908,2908,1740,26
2026-03-21 14:32:19.951210,4173,3492,2322,31
2026-03-21 14:32:29.951210,6458,7011,1311,58
2026-03-21 14:32:39.951210,5268,4582,2215,41
2026-03-21 14:32:49.951210,4069,7573,1502,29
2026-03-21 14:32:59.951210,6491,4028,2359,90
2026-03-21 14:33:09.951210,4368,6314,2440,51
2026-03-21 14:33:19.951210,6244,7704,1948,33
2026-03-21 14:33:29.951210,7078,2090,1513,44
2026-03-21 14:33:39.951210,7508,7746,684,72
2026-03-21 14:33:49.951210,5828,4545,2440,14
2026-03-21 14:33:59.951210,5840,4085,1561,90
2026-03-21 14:34:09.951210,5766,4586,2436,12
2026-03-21 14:34:19.951210,4831,6555,2070,84
2026-03-21 14:34:29.951210,6025,5490,800,88
2026-03-21 14:34:39.951210,5266,3855,2410,41
2026-03-21 14:34:49.951210,6213,2349,1272,24
2026-03-21 14:34:59.951210,5595,2063,2408,74
2026-03-21 14:35:09.951210,6950,6659,2136,27
2026-03-21 14:35:19.951210,5430,2998,928,85
2026-03-21 14:35:29.951210,6498,7195,653,29
2026-03-21 14:35:39.951210,5661,6107,1491,86
2026-03-21 14:35:49.951210,4497,4210,873,25
2026-03-21 14:35:59.951210,6957,3091,695,12
2026-03-21 14:36:09.951210,4058,5250,1121,69
2026-03-21 14:36:19.951210,5766,5976,1235,54
2026-03-21 14:36:29.951210,5865,5970,1377,81
2026-03-21 14:36:39.951210,7529,2615,950,60
2026-03-21 14:36:49.951210,6183,5414,914,23
2026-03-21 14:36:59.951210,7297,2192,725,68
2026-03-21 14:37:09.951210,7613,6453,1888,57
2026-03-21 14:37:19.951210,6237,5025,1079,39
2026-03-21 14:37:29.951210,4423,4952,1755,59
2026-03-21 14:37:39.951210,6301,2333,2218,50
2026-03-21 14:37:49.951210,4856,6443,1103,73
2026-03-21 14:37:59.951210,5004,6704,819,54
2026-03-21 14:38:09.951210,4768,2202,1152,58
2026-03-21 14:38:19.951210,6733,7165,2232,74
2026-03-21 14:38:29.951210,4553,7865,2357,17
2026-03-21 14:38:39.951210,7106,6376,1393,49
2026-03-21 14:38:49.951210,5334,5201,1329,58
2026-03-21 14:38:59.951210,7132,2264,2178,12
2026-03-21 14:39:09.951210,4184,6803,851,88
2026-03-21 14:39:19.951210,5819,2345,670,82
2026-03-21 14:39:29.951210,7829,6179,1208,31
2026-03-21 14:39:39.951210,6627,3310,2032,43
2026-03-21 14:39:49.951210,5578,6302,1743,10
2026-03-21 14:39:59.951210,6160,6629,2476,20
2026-03-21 14:40:09.951210,7222,2647,2256,51
2026-03-21 14:40:19.951210,7697,3169,1981,17
2026-03-21 14:40:29.951210,6854,4060,1095,42
2026-03-21 14:40:39.951210,5667,4161,1475,65
2026-03-21 14:40:49.951210,5119,5477,787,14
2026-03-21 14:40:59.951210,7747,7801,2338,63
2026-03-21 14:41:09.951210,5301,2897,2301,20
2026-03-21 14:41:19.951210,7405,7850,1252,84
2026-03-21 14:41:29.951210,7150,2186,2354,28
2026-03-21 14:41:39.951210,6935,5033,543,90
2026-03-21 14:41:49.951210,4854,2664,654,68
2026-03-21 14:41:59.951210,7022,3311,1351,25
2026-03-21 14:42:09.951210,6138,5712,1360,62
2026-03-21 14:42:19.951210,5095,7870,1832,49
2026-03-21 14:42:29.951210,6032,3605,710,7
2026-03-21 14:42:39.951210,4878,6594,682,21
2026-03-21 14:42:49.951210,7015,2320,1473,20
2026-03-21 14:42:59.951210,5669,3506,2209,52
2026-03-21 14:43:09.951210,4894,7301,774,19
2026-03-21 14:43:19.951210,6831,6269,500,68
2026-03-21 14:43:29.951210,4974,4282,2138,50
2026-03-21 14:43:39.951210,6253,3220,571,51
2026-03-21 14:43:49.951210,6408,2089,1464,81
2026-03-21 14:43:59.951210,6780,7968,862,42
2026-03-21 14:44:09.951210,6862,5620,1655,20
2026-03-21 14:44:19.951210,7156,4661,2386,54
2026-03-21 14:44:29.951210,7252,6043,636,73
2026-03-21 14:44:39.951210,4627,3125,1532,71
2026-03-21 14:44:49.951210,4054,6750,1789,11
2026-03-21 14:44:59.951210,4559,6565,2425,39
2026-03-21 14:45:09.951210,7543,4463,2424,10
2026-03-21 14:45:19.951210,6629,2561,2346,64
2026-03-21 14:45:29.951210,6190,7271,1801,49
2026-03-21 14:45:39.951210,6570,7439,787,69
2026-03-21 14:45:49.951210,7216,2390,853,76
2026-03-21 14:45:59.951210,6555,2321,934,87
2026-03-21 14:46:09.951210,5148,6027,1858,64
2026-03-21 14:46:19.951210,4192,5885,1429,65
2026-03-21 14:46:29.951210,7964,4364,647,56
2026-03-21 14:46:39.951210,5911,7412,1663,57
2026-03-21 14:46:49.951210,6306,4848,2363,59
2026-03-21 14:46:59.951210,7983,5522,1058,10
2026-03-21 14:47:09.951210,5969,4245,817,17
2026-03-21 14:47:19.951210,4525,5005,1101,63
2026-03-21 14:47:29.951210,6624,6447,1338,14
2026-03-21 14:47:39.951210,6921,3593,1652,30
2026-03-21 14:47:49.951210,6045,7970,717,40
